,Micro,Macro
Average F1,,
Average Precision,0.16861331998934198,0.1860599102204136
Average Recall,0.0,0.0
F1 Standard Dev,,
F1,0.18353831598864712,0.2362197991964398
Precision,0.16733755031627373,0.2421233332643711
Recall,0.2032122905027933,0.23059729689628491
