,Micro,Macro
Average F1,0.5665627009623274,0.6063494557608985
Average Precision,0.6213166468940139,0.6702068122207011
Average Recall,0.42857142857142855,0.42857142857142855
F1 Standard Dev,0.1413110182033423,0.1468982546254056
F1,0.5523105360443623,0.5841221115395177
Precision,0.5868028279654359,0.6964896418800531
Recall,0.5216480446927374,0.50297507922626
