,Micro,Macro
Average F1,0.5811235949067837,0.6186259022845334
Average Precision,0.6861028987447976,0.7248814034616503
Average Recall,0.42857142857142855,0.42857142857142855
F1 Standard Dev,0.15447367036126616,0.17139114541775255
F1,0.5685645549318364,0.5101013104456442
Precision,0.667608286252354,0.655195662656915
Recall,0.49511173184357543,0.41761881306821336
