,Micro,Macro
Average F1,0.5970770004841979,0.6461324705103274
Average Precision,0.70406836418475,0.7550735090241263
Average Recall,0.42857142857142855,0.42857142857142855
F1 Standard Dev,0.15739186171514055,0.16504887227725304
F1,0.5829991980753809,0.5673816084599119
Precision,0.684557438794727,0.7091017520277293
Recall,0.50768156424581,0.47287369390701484
