,Micro,Macro
Average F1,0.6239404972679212,0.6673833791852006
Average Precision,0.7347382767317409,0.7771336707987943
Average Recall,0.5,0.5
F1 Standard Dev,0.1310793563618794,0.13957006488950405
F1,0.6119343211854225,0.6164291016979696
Precision,0.7173708920187793,0.7863002594828966
Recall,0.5335195530726257,0.5069157620324037
