,Micro,Macro
Average F1,0.6068816508142705,0.6496994070539791
Average Precision,0.709293724108539,0.7472720437998216
Average Recall,0.42857142857142855,0.42857142857142855
F1 Standard Dev,0.1313955462138162,0.14023402488553188
F1,0.59596359319351,0.5749386662942474
Precision,0.6876712328767123,0.7064495682661501
Recall,0.5258379888268156,0.48470684120421753
